{"Mean":{"confidence_interval":{"confidence_level":0.95,"lower_bound":21200807.94640595,"upper_bound":21389825.283757143},"point_estimate":21291786.44295238,"standard_error":48265.61118462019},"Median":{"confidence_interval":{"confidence_level":0.95,"lower_bound":21135268.0,"upper_bound":21417975.84},"point_estimate":21276860.03333333,"standard_error":67308.85625019856},"MedianAbsDev":{"confidence_interval":{"confidence_level":0.95,"lower_bound":35642.704122216615,"upper_bound":270995.56841486937},"point_estimate":209571.31807136524,"standard_error":61988.07366852275},"Slope":{"confidence_interval":{"confidence_level":0.95,"lower_bound":21248929.735211268,"upper_bound":21465908.881210256},"point_estimate":21364591.895584416,"standard_error":54870.96323298117},"StdDev":{"confidence_interval":{"confidence_level":0.95,"lower_bound":90677.10526109026,"upper_bound":207518.0482276685},"point_estimate":161695.51268537564,"standard_error":31187.929376791933}}