{"Mean":{"confidence_interval":{"confidence_level":0.95,"lower_bound":6591610.336238096,"upper_bound":6693469.597891667},"point_estimate":6636689.805523809,"standard_error":26277.28884405958},"Median":{"confidence_interval":{"confidence_level":0.95,"lower_bound":6578753.814285714,"upper_bound":6673309.341666667},"point_estimate":6628147.166666666,"standard_error":23676.445400057077},"MedianAbsDev":{"confidence_interval":{"confidence_level":0.95,"lower_bound":2375.2239978309763,"upper_bound":117250.34156239047},"point_estimate":61466.28452375426,"standard_error":28979.525003005656},"Slope":{"confidence_interval":{"confidence_level":0.95,"lower_bound":6582460.179710145,"upper_bound":6640727.632180108},"point_estimate":6615477.832727273,"standard_error":14877.840762229365},"StdDev":{"confidence_interval":{"confidence_level":0.95,"lower_bound":32222.696767886286,"upper_bound":123432.74606387835},"point_estimate":87480.65679120574,"standard_error":26605.00750026784}}