{"Mean":{"confidence_interval":{"confidence_level":0.95,"lower_bound":6510020.04886508,"upper_bound":6562177.71674745},"point_estimate":6535456.639070296,"standard_error":13371.844165067834},"Median":{"confidence_interval":{"confidence_level":0.95,"lower_bound":6496965.071428572,"upper_bound":6565973.107142857},"point_estimate":6537975.148809524,"standard_error":17116.826535697506},"MedianAbsDev":{"confidence_interval":{"confidence_level":0.95,"lower_bound":11614.942353793593,"upper_bound":82577.49680395552},"point_estimate":41572.01501194893,"standard_error":17412.963930536327},"Slope":{"confidence_interval":{"confidence_level":0.95,"lower_bound":6517195.344009233,"upper_bound":6575280.460884354},"point_estimate":6545485.611317255,"standard_error":14388.163724886212},"StdDev":{"confidence_interval":{"confidence_level":0.95,"lower_bound":24254.0263955814,"upper_bound":58146.16444384456},"point_estimate":44441.86304240969,"standard_error":9132.88723499498}}